id;creation_date;gender;phone;bio;facebook;twitter;linkedin;instagram;google_plus;birthdate;civil_status;looking_for;purpose;physical;religion;ethnic_group;studies;sibblings;eyes;smoker;children;future_children;pet;appuser_id
1;2019-10-10T09:58:06;MALE;(507) 171-8677 x652;seize Glen Refined;Mandatory Assistant;Strategist;Incredible Fresh Car Tuvalu;Senior Optional Yemeni Rial;Central African Republic;2019-10-10T06:41:09;SINGLE;OTHER;MEET_PEOPLE;CORPULENT;ATHEIST;LATIN;PRIMARY;20;OTHER;YES;YES;YES;true;1
2;2019-10-10T07:04:10;FEMALE;104-378-4991;Credit Card Account disintermediate;transmitting Tennessee Practical Steel Shirt;24/7;Refined;haptic Producer Agent;Rhode Island capacitor;2019-10-10T03:37:17;SINGLE;MALE;OTHER;NORMAL;CATHOLIC;AFRO;HIGH_SCHOOL;16;GREEN;YES;NA;NO;false;2
3;2019-10-10T19:36:26;FEMALE;1-326-586-9714 x9847;Canyon;Investment Account frictionless orchid;Future-proofed Awesome;Creek;Shirt Metal;Mouse Rupiah;2019-10-10T11:54:41;SEPARATED;OTHER;NOT_INTERESTED;CORPULENT;ISLAMIC;WHITE;HIGH_SCHOOL;1;BLUE;NO;NO;NA;false;3
4;2019-10-10T08:54:47;FEMALE;354.770.0121 x7688;generate Music;Inlet Hungary Configurable;interface;Toys;overriding;internet solution;2019-10-10T18:55:01;WIDOWER;OTHER;NOT_INTERESTED;CORPULENT;ATHEIST;INDIAN;MASTER;20;GREEN;YES;NO;NO;true;4
5;2019-10-10T17:18:49;MALE;088.005.0469;Fresh incubate Agent;Jewelery Engineer Bedfordshire;Tanzanian Shilling Assurance Nebraska;Gardens synthesizing;silver;system;2019-10-10T17:00:11;WIDOWER;MALE;MEET_PEOPLE;NORMAL;ISLAMIC;ARAB;MASTER;0;BLUE;OCCASIONALLY;NO;NA;true;5
6;2019-10-10T11:59:13;FEMALE;921.309.7750 x87187;indigo Bacon Mouse;Programmable payment National;HDD;Tanzanian Shilling Lights;e-enable Plaza intranet;convergence Idaho customized;2019-10-10T12:23:45;DIVORCED;FEMALE;NOT_INTERESTED;NORMAL;AGNOSTIC;ASIAN;PRIMARY;16;BROWN;OCCASIONALLY;YES;NO;false;6
7;2019-10-10T10:07:07;MALE;706.565.5725 x3819;front-end Intuitive vortals;Communications;Customer;Avon;Advanced bus;Security Virginia;2019-10-10T05:04:18;SEPARATED;FEMALE;MEET_PEOPLE;CORPULENT;CATHOLIC;GYPSY;PRIMARY;10;BLUE;NA;YES;YES;false;7
8;2019-10-10T12:14:07;OTHER;1-434-794-5204;Concrete Towels Avon;Automotive frame;Indiana deposit Electronics;Bedfordshire Strategist;Towels applications;Zimbabwe;2019-10-10T17:21:51;ENGAGED;FEMALE;STABLE_RELATIONSHIP;NORMAL;JEWISH;INDIAN;DOCTORATE;1;NA;NO;GREATER_THAN_18;YES;false;8
9;2019-10-10T01:38:11;MALE;(216) 505-1375;THX;Re-contextualized Licensed;Producer;SAS parsing;Branding Concrete;eco-centric Senior;2019-10-10T21:28:45;NA;OTHER;STABLE_RELATIONSHIP;NORMAL;NA;OTHER;NA;19;BROWN;YES;NA;NA;true;9
10;2019-10-10T08:47:32;FEMALE;491-591-6260 x89518;Bedfordshire Awesome Cotton Tuna;calculating yellow;Wooden;Future;pixel Phased payment;Towels Internal;2019-10-10T11:44:27;DIVORCED;OTHER;FRIENDSHIP;NORMAL;OTHER;AFRO;COLLEGE;15;NA;NO;GREATER_THAN_18;NA;false;10
